State,Data,Recall Page Link,Recall Page Link,Update Date,notes
Alabama,,,,10/2026,
Alaska,No,https://www.commerce.alaska.gov/web/amco/,,10/2026,"It's not only for recalls, so it doesn't count"
Arizona,Yes,https://www.azdhs.gov/preparedness/epidemiology-disease-control/food-safety-environmental-services/index.php#marijuana-kitchen-product-recalls,,10/2026,Also need to check announcements
Arkansas,No,,,10/2026,"No centralized place to record recalls, It's expected the dispensaries do so. No way to trace or understand supply chain safety issues. Boo."
California,Yes,https://www.cannabis.ca.gov/consumers/cannabis-recalls-and-safety-notices/,,10/2026,Extensive Now
Colorado,Yes,https://sbg.colorado.gov/med/health-and-safety-advisories,,10/2026,"press releases; not recalls, health advisories"
Connecticut,No,"No Centralized Page found, but recalls evident",,10/2026,
Delaware,No,,,10/2026,
Florida,No,,,10/2026,
Georgia,No,,,10/2026,
Hawaii,No,,,10/2026,
Idaho,,,,10/2026,
Illinois,No,https://idfpr.illinois.gov/profs/cannabis.html,,10/2026,
Indiana,,,,10/2026,
Iowa,,,,10/2026,
Kansas,,,,10/2026,
Kentucky,No,,,10/2026,
Louisiana,No,,,10/2026,
Maine,No,https://www.maine.gov/dafs/ocp/resources/recalls,,10/2026,
Maryland,No,https://cannabis.maryland.gov/pages/bulletins.aspx,,10/2026,
Massachusetts,No,https://masscannabiscontrol.com/news/public-health-and-safety-advisories/,,10/2026,
Michigan,Yes,https://www.michigan.gov/cra/bulletins,,10/2026,
Minnesota,No,https://mn.gov/ocm/businesses/recalls.jsp,,10/2026,...only hemp recalls?  Really? 
Mississippi,No,https://www.mmcp.ms.gov/patient-purchased-recall-items,,10/2026,
Missouri,No,https://health.mo.gov/business-professionals/cannabis-regulation/licensee-compliance-and-guidance/product-recalls,,10/2026,
Montana,Yes,https://revenue.mt.gov/card/cannabis/cannabis-product-recalls,,10/2026,but have no recalls yet
Nebraska,,,,10/2026,
Nevada,Yes,https://ccb.nv.gov/guidance/#item-1,,10/2026,
New Hampshire,No,,,10/2026,
New Jersey,Yes,https://www.nj.gov/cannabis/adult-personal/recalls/,,10/2026,None listed; some in press
New Mexico,Yes,https://www.rld.nm.gov/cannabis/data-news/cannabis-recalls/,,10/2026,
New York,No,https://cannabis.ny.gov/recalls,New,10/2026,It says they will be posted on that page but the unregulated hemp products they recalled aren't included.
North Dakota,No,,,10/2026,
Ohio,Yes,https://com.ohio.gov/divisions-and-programs/cannabis-control/product-safety,,10/2026,One from December not included
Oklahoma,Yes,https://oklahoma.gov/omma/recalls/embargoed-and-recalled-products.html,,10/2026,
Oregon,Yes,https://www.oregon.gov/olcc/Pages/product-recalls.aspx,,10/2026,
Pennsylvania,No,,,10/2026,
Rhode Island,No,,,10/2026,
South Carolina,,,,10/2026,
South Dakota,No,,,10/2026,
Tennessee,,,,10/2026,
Texas,,,,10/2026,
Utah,,,,10/2026,
Vermont,No,,,10/2026,
Virginia,,,,10/2026,
Washington,Yes,https://lcb.wa.gov/examiners/recalls,,10/2026,
West Virginia,No,,,10/2026,
Wisconsin,,,,10/2026,
Wyoming,,,,10/2026,
District of Columbia,No,,,10/2026,