3/16/2026,INcludes additional information regarding business recall date / annoucnement date (am using businesse recall date for now) ,CA
3/16/2026,Product Type would have to be fully captured again ,CA
3/16/2026,Adulterated: Prohibited Product,CA
3/16/2026,"The new style of categorized pesticides hides the practices from consumers, and which pesticides they may have been exposed to",CA
3/16/2026,"for connectedcannabis co _ why are there two different companies listed as the legal business name? which is correct? All point to same business website (https://recalls.cannabis.ca.gov/recalls/6761f90394a546fcd1a8843a, https://recalls.cannabis.ca.gov/recalls/6761c1de449a15805975db10)",CA
3/16/2026,What is 'invalid batch testing' (see 'Canna America Live Resin Integrated Vaporizer') ,
3/16/2026,Lab isn't listed on recall notcied (note the amount of recalls around 2/205 like https://docs.google.com/spreadsheets/d/10YkN4Rqg58UGLMEH5R_pS1_9uNAoTdNG2UDLxc21FXs/edit?gid=665012503#gid=665012503 being recalled for incomplete testing due to no solvent testing ,
3/16/2026,"Why different business names for Tonik Beverages? (go NXT LVL
 vs. baked betty's) ",
3/16/2026,So interesting that not one of the Oakfruitland (OFL) Pre-Roll had dates on the packaging! Wildf! ,
3/16/2026,Why was the Honey Edible recall given over a month betrween business recall and pub date? (https://recalls.cannabis.ca.gov/recalls/67f44320ef33cec4b8c75618),
3/16/2026,Weird no dates for ( smartweed flower) ,
3/16/2026,"Adulterated: other is far too large, and isn't allowing CA good granularity Includes distributor without distributor license, no GMP, etc. ",
3/17/2026,Many of CO's Health Advisories do not contain information about the product ,
3/17/2026,https://drive.google.com/file/d/1_wFzm3GOJfzE6tmSqIhIcyvtI8ocZJDf/view - this case has batches that had Total Yeast and Mold but also identified other batches that were in teh same space as the contaminants,
3/17/2026,Assuming 'elemental impurities' in the CO dataset indicate heavy metals,
3/17/2026,CO Expansion: Includes a new pesticde :https://drive.google.com/file/d/155K5itnbbcG9r6nxemU_8UHDu709cMJB/view,
3/17/2026,Why so amny actions in CO on 1/22,
3/17/2026,CT -= JFC,
3/17/2026,"Maine - Great site to show recall information, very complete! ",
3/17/2026,massachusetts not including producer name n'at,
3/17/2026,https://masscannabiscontrol.com/2025/08/notice-massachusetts-cannabis-control-commission-public-health-and-safety-advisory-contaminated-and-potentially-contaminated-marijuana-products-august-6-2025/,
3/17/2026,MS - recall and remediation?  eeeeew,
3/17/2026,Ohio has two classes of recall at least - II and I  (https://com.ohio.gov/divisions-and-programs/cannabis-control/product-safety/yyy-product-recall-2024-04),
3/17/2026,Oregon's reference lab: https://content.govdelivery.com/accounts/OLCC/bulletins/3c9046e,
8/2026,Started Recording labs,
8/2026,"Need Product List out, huge recalls in Oklahoma necessitate it at this point. Lab-side failures represent large swaths of product.",
8/2026,How to deal with expanded recalls? ,
8/2026,"Ew, Oregon. None? NONE???",
9/2026,"Arizon appears to have moved recall information to their director's blog, but it's still harder to find them mixed in with all the other announcements.",
9/2026,Large Recall against Roadrunner LLC in CA includes a rescinded one - ,
9/2026,Colorado's only recall of the month was an update to a prior recall -- what is going on there - are they stepping up DOA actions? ,
9/2026,https://archive.ph/2vMwE,
9/2026,"It's been a year since Michigan's last recall, I feel like they are gunshy on this now",
10/2026,Cal/OSHA pulling products following a death is harrowing: https://cannintel.com/news/california-dcc-pulls-cannabis-products-after-farm-worker-death,
10/2026,"The Cal/OSHA situation also brings on quandry - do I list the state-listed reason for the recall, or the known one? How do I handle eventual outcomes of these actions? ",
10/2026,The Stay Con Advisory,
10/2026,Colorado's system of using google docs makes preservation using Internet archive difficult.,
10/2026,Colorado did not update the original text of the advisory re: Adverse Health Events (might make things confusing) ,
10/2026,"According to Annual reports issued in Illinois no state-level recalls have occurred, but some may have at dispensaries - start to research THOSE",
10/2026,"Added ""Diverted Product"" and adjusted. Added ""Synthetic Cannabinoids"" and adjusted. ",
10/2026,"The specific, strong language in the Ohio recall about the embargo and removal of product from shelves is appreciated.",
10/2026,"Is oregon just not doing recalls anymore, or have they stumbled into the safest product ever combined with their new lab?  ",