Colorado product name,Company name,EPA Number,Commercial,Home,Hemp,Public Comments,Type,Ingredient1_name,Percent1,Ingredient2_name,Percent2,Ingredient3_name,Percent3,Ingredient4_name,Percent4,Ingredient5_name,Percent5,Ingredient6_name,Percent6,Ingredient7_name,Percent7
70% Neem Oil (Monterey),"Lawn and Garden Products, Inc",70051-2-54705,No,Yes,No,,"Fungicide, Insecticide",Clarified Hydrophobic Extract of Neem Oil,70.000%,,,,,,,,,,,,
AGP4,AGP4 Advanced Growth & Protection 4 Formula,0-0-0,Yes,Yes,Yes,,"Fungicide, Insecticide",Soybean Oil,10.000%,Corn Oil,5.000%,,,,,,,,,,
Agree WG,"Certis USA, LLC",70051-47,Yes,Yes,Yes,Hemp added to label 9-2021,Insecticide,Bacillus thuringiensis SSP. Aizawai,50.000%,,,,,,,,,,,,
Agro Pest,Agro Research International LLC,25(b),Yes,Yes,Yes,,Insecticide,Thyme oil,13.000%,Rosemary Oil,10.000%,,,,,,,,,,
All Phase,Circadian Crop Sciences LLC,25(b),Yes,Yes,Yes,,"fungicide, bactericide",Potassium Sorbate,34.700%,Sodium Lauryl Sulfate,2.000%,,,,,,,,,,
AlliCURB MAX,"Kemin Industries, Inc.",0-0-0,Yes,No,Yes,Commerical Use Only,Insecticide,Castor Oil,27.000%,Garlic Oil,8.000%,,,,,,,,,,
Almighty,Gropro,25(b),Yes,Yes,Yes,,nematicide,Geraniol,4.500%,,,,,,,,,,,,
Ancora,"OHP, Inc.",70051-19-59807,Yes,Yes,Yes,Hemp on label,"Insecticide, Fungicide",Isaria fumosorosea,20.000%,,,,,,,,,,,,
Athena IPM,"Athena Ag, Inc.",0-0-0,Yes,Yes,Yes,NEW FORMULA! Check the label! This is the only Athena IPM permitted on cannabis.,Insecticide,Peppermint Oil,0.250%,Cinnamon Oil,0.250%,Citric Acid,0.220%,,,,,,,,
Atrevia 3.0% SL,"Atticus, LLC",91234-305,Yes,Yes,Yes,,Insecticide,Azadirachtin,3.000%,,,,,,,,,,,,
Axxe Broad Spectrum Herbicide,"BioSafe Systems, LLC",70299-23,Yes,Yes,Yes,Greenhouse Use Only.,Herbicide,Ammonium Nonanoate,40.000%,,,,,,,,,,,,
Aza-Direct Biological Insecticide,Gowan Company,71908-1-10163,Yes,Yes,Yes,,Insecticide,Azadirachtin,1.200%,,,,,,,,,,,,
AzaGuard,"BioSafe Systems, LLC",70299-17,Yes,Yes,Yes,,Insecticide,Azadirachtin,3.000%,,,,,,,,,,,,
AzaMax,Parry America,71908-1-81268,Yes,Yes,Yes,hemp added to label 5-2020,"Insecticide, Nematicide",Azadirachtin,1.200%,,,,,,,,,,,,
AzaSol,"Arborjet, Inc.",81899-4-74578,Yes,Yes,Yes,,Insecticide,Azadirachtin,6.000%,,,,,,,,,,,,
Azasol WSP,Arborjet Inc.,81899-4-74578,Yes,Yes,Yes,,Insecticide,Azadirachtin,6.000%,,,,,,,,,,,,
Azatin O Biological Insecticide,"OHP, Inc.",70051-9-59807,Yes,Yes,Yes,,IGR,Azadirachtin,4.500%,,,,,,,,,,,,
Azera Gardening,Mclaughlin Gormley King dba MGK,1021-1872,No,Yes,No,,Insecticide,Azadirachtin,1.200%,Pyrethrins,1.400%,,,,,,,,,,
Azera Insecticide,McLaughlin Gormley King Company dba MGK,1021-1872,Yes,Yes,Yes,,"Insecticide, Miticide, Fungicide",Azadirachtin,1.200%,Pyrethrins,1.400%,,,,,,,,,,
Azera Pro,McLaughlin Gormley King Company dba MGK,1021-1872,Yes,Yes,Yes,Greenhouse use only,Insecticide,Pyrethrins,1.400%,Azadirachtin,1.200%,,,,,,,,,,
Bacilirid Biological Fungicide,"Koppert Biological Systems, Inc.",71840-8-89635,Yes,Yes,Yes,,Fungicide,Bacillus subtilis MBI 600,11.000%,,,,,,,,,,,,
BellaTrove Companion Maxx WP,DPH Biologicals LLC,94485-5,Yes,Yes,Yes,,"fungicide, bactericide",Bacillus amyloliquefaciens strain ENV503,0.149%,,,,,,,,,,,,
Beloukha Garden Herbicide,Certis Belchim B.V.,91746-8,Yes,Yes,Yes,,Herbicide,Pelargonic Acid,51.980%,,,,,,,,,,,,
BioCeres EC,Anatis Bioprotection Inc.,89600-4,Yes,No,Yes,Hemp on Label,Insecticide,Beauveria bassiana strain ANT-03,10.000%,,,,,,,,,,,,
Bioceres GR,Anatis Bioprotection Inc.,89600-7,Yes,Yes,Yes,Hemp on label,Insecticide,Beauveria bassiana strain ANT-03,7.000%,,,,,,,,,,,,
BioCeres WP,Anatis Bioprotection Inc,89600-2,Yes,Yes,Yes,Hemp added to label 5-28-2020.,Insecticide,Beauveria bassiana strain ANT-03,20.000%,,,,,,,,,,,,
BioSafe Weed & Grass Killer,BioSafe Systems LLC,70299-25,Yes,Yes,Yes,"Contact herbicide, will damage all treated leaves",herbicide,Ammonium Nonanoate,40.000%,,,,,,,,,,,,
BluOX 34,Clean Chemistry,92013-5,Yes,Yes,Yes,,Fungicide,Hydrogen Peroxide,34.500%,,,,,,,,,,,,
BotaniGard 22WP,"Certis USA, LLC",82074-2,Yes,Yes,Yes,Hemp added to label september 2020,Insecticide,Beauveria bassiana Strain GHA,22.000%,,,,,,,,,,,,
BotaniGard ES,"Certis USA, LLC",82074-1,Yes,Yes,Yes,"Hemp added to label September, 2020.",insecticide,Beauveria bassiana Strain GHA,11.300%,,,,,,,,,,,,
Botanigard Maxx,"Certis USA, LLC",82074-5,Yes,Yes,Yes,,Insecticide,Pyrethrins,0.750%,Beauveria bassiana Strain GHA,0.060%,,,,,,,,,,
BotaniGard Optima ES,"Certis USA, LLC",82074-17,Yes,Yes,Yes,,Insecticide,Beauveria bassiana Strain GHA,2.000%,,,,,,,,,,,,
BoteGHA ES,"Certis USA, LLC",82074-1,Yes,Yes,Yes,Hemp on label,Insecticide,Beauveria bassiana Strain GHA,11.300%,,,,,,,,,,,,
BoteGHA Optima ES,"Certis USA, LLC",82074-17,Yes,Yes,Yes,,Insecticide,Beauveria bassiana Strain GHA,2.000%,,,,,,,,,,,,
BotryStop WP,"BioWorks, Inc.",68539-17,Yes,Yes,Yes,Hemp on label,Fungicide,Ulocladium oudemansii,45.000%,,,,,,,,,,,,
Brandt Ecotec Plus,"Brandt Consolidated, Inc.",25(b),Yes,Yes,Yes,,"Insecticide, Miticide",Rosemary Oil,10.000%,Geraniol,5.000%,Peppermint Oil,2.000%,,,,,,,,
BRANDT GroFusion,"BRANDT Consolidated, Inc.",57538-74-48813,Yes,Yes,Yes,,Plant Growth Regulator,Cytokinin (Kinetin),0.040%,,,,,,,,,,,,
BRANDT OptiThrive,"BRANDT Consolidated, Inc.",90866-23-48813,Yes,Yes,Yes,,Plant Growth Regulator,Cytokinin (Kinetin),0.120%,Gamma Aminobutyric Acid (GABA),1.000%,Choline Chloride,2.000%,,,,,,,,
Brandt Turfzilla,"Brandt Consolidated, Inc.",83416-1-48813,Yes,Yes,Yes,"only for hydroponics, seed treatment, and greenhouse & nursery bedding plants.",fungicide,"Phosphorous Acid, Mono- and Di-Potassium Salts of",45.800%,,,,,,,,,,,,
BT Now,"Biosafe Systems, LLC",89046-12-70299,Yes,Yes,Yes,,insecticide,Bacillus thuringiensis SSP. Kurstaki,14.490%,,,,,,,,,,,,
Bug Buster-O,"Lawn and Garden Products, Inc",1021-1771-54705,Yes,Yes,Yes,Outdoor use only.,Insecticide,Pyrethrins,1.400%,,,,,,,,,,,,
Canna Control,CANNA Continental,0-0-0,Yes,Yes,Yes,,"Insecticide, Fungicide, Bactericide",Soybean Oil,60.000%,Thyme oil,15.000%,,,,,,,,,,
Captain Jack's Neem Oil Ready to Use,"Bonide Products, LLC",70051-13-4,No,Yes,Yes,,"fungicide, insecticide, miticide",Clarified Hydrophobic Extract of Neem Oil,0.900%,,,,,,,,,,,,
Captiva,Gowan Company,10163-326,Yes,Yes,Yes,,Insect Repellent,Capsicum Oleoresin Extract,7.600%,Garlic Oil,23.400%,Soybean Oil,59.300%,,,,,,,,
Captiva Prime,Gowan Company,10163-336,Yes,Yes,Yes,,Insecticide,Capsicum Oleoresin Extract,7.600%,Garlic Oil,23.400%,Canola Oil,55.000%,,,,,,,,
Cease,"BioWorks, Inc.",264-1155-68539,Yes,Yes,Yes,,Fungicide,Bacillus subtilis QST713 Strain,1.340%,,,,,,,,,,,,
Chester Boone's All Purpose Plant and Garden,Chester Boone's LLC,0-0-0,Yes,Yes,Yes,,"Insecticide, Fungicide, Miticide",Citric Acid,0.050%,,,,,,,,,,,,
Chester Boone's Pure,Chester Boones LLC,0-0-0,Yes,Yes,Yes,,Insecticide,Citric Acid,0.100%,,,,,,,,,,,,
CHS Unlocked PRO,CHS Inc.,90930-8-48013,Yes,Yes,Yes,,Plant Growth Regulator,Homobrassinolide,0.003%,Indole-3-butyric acid,0.010%,Gibberellins (Gibberellic Acid),0.009%,,,,,,,,
Cinnaction,Idai Nature USA Corp.,25(b),Yes,Yes,Yes,,"insecticide, fungicide, miticide, bacericide",Cinnamon Oil,10.000%,,,,,,,,,,,,
Cinnaction Next,"Oro Agri, Inc.",0-0-0,Yes,Yes,Yes,,Insecticide,Cinnamon Oil,10.000%,,,,,,,,,,,,
Cinnex,"Sym-Agro, Inc.",87946-1,Yes,Yes,Yes,,"fungicide, insecticide",Cinnamaldehyde,22.500%,,,,,,,,,,,,
Cintro,"BioWorks, Inc.",67702-11-68539,Yes,Yes,Yes,,Insecticide,Potassium Salts of Fatty Acids,47.000%,,,,,,,,,,,,
Circadian Sunrise,"Circadian Crop Sciences, LLC",25(b),Yes,Yes,Yes,,"insecticide, fungicide, miticide",Corn Oil,17.000%,Peppermint Oil,10.000%,,,,,,,,,,
Clonex Rooting Gel,Growth Technology Ltd.,79664-1,Yes,Yes,Yes,,PGR,IBA (Indole-3-Butyric Acid),0.310%,,,,,,,,,,,,
Companion Maxx Liquid Biologial Fungicide,DPH Biologicals LLC,94485-4,Yes,Yes,Yes,Hemp on label,Fungicide,Bacillus amyloliquefaciens strain ENV503,0.001%,,,,,,,,,,,,
Consequence,"Impello Biosciences, Inc.",0-0-0,Yes,Yes,Yes,,Fungicide/Nematicide/Bactericide,Chitosan,5.000%,,,,,,,,,,,,
Corry's Slug & Snail Killer,"Matson, LLC",67702-33-8119,Yes,Yes,Yes,,Molluscicide,Sodium Ferric EDTA,5.000%,,,,,,,,,,,,
Crop Protect Direct PGP,"Jabco, LLC",90866-13-101458,Yes,Yes,Yes,Hemp on label,Plant Growth Regulator,IBA (Indole-3-Butyric Acid),0.850%,Cytokinin (Kinetin),0.150%,,,,,,,,,,
Crymax,"Certis USA, LLC",70051-86,Yes,Yes,Yes,Hemp added to label 7/2020.,Insecticide,Bacillus thuringiensis SSP. Kurstaki,40.000%,,,,,,,,,,,,
Cueva Fungicide Concentrate,"Certis USA, LLC",67702-2-70051,No,No,Yes,Special Local Need label allows use on hemp.  Cueva product label and SLN CO-200001 label must be in applicator's possession at the time of application.,fungicide,Copper Octanoate,10.000%,,,,,,,,,,,,
Cuts,"Athena Ag, Inc.",82752-1-93752,Yes,Yes,Yes,,Plant Growth Regulator,Indole-3-butyric acid,0.350%,,,,,,,,,,,,
Cyclone,SJ Enterprises Pty Ltd,89385-3,No,Yes,No,,Plant Growth Regulator,IBA (Indole-3-Butyric Acid),0.170%,,,,,,,,,,,,
Cygin PRO,CHS Inc.,90930-8-48013,Yes,Yes,Yes,,Plant Growth Regulator,Homobrassinolide,0.250%,Indole-3-butyric acid,0.010%,Gibberellins (Gibberellic Acid),0.009%,,,,,,,,
Cytokin Bioregulator Concentrate,Miller Chemical & Fertilizer LLC,90930-3,Yes,Yes,Yes,,PGR,Cytokinin (Kinetin),0.010%,,,,,,,,,,,,
Cytoplex HMS,Miller Chemical & Fertilizer LLC,90930-6,Yes,Yes,Yes,,PGR,Cytokinin (Kinetin),0.010%,IBA (Indole-3-Butyric Acid),0.005%,Gibberellins (Gibberellic Acid),0.004%,,,,,,,,
Debug Turbo,MGK,1021-2874,Yes,Yes,Yes,Company Name Change,"Insecticide, Miticide, Fungicide",Azadirachtin,0.700%,"Neem Oil, Cold Pressed",65.800%,,,,,,,,,,
Debug-ON,MGK,1021-2879,Yes,Yes,Yes,Hemp on label,"Insecticide, fungicide","Neem Oil, Cold Pressed",70.000%,,,,,,,,,,,,
Debug-Optimo,MGK,1021-2876,Yes,Yes,Yes,Company Name Change,Insecticide,Azadirachtin,0.700%,"Neem Oil, Cold Pressed",15.040%,,,,,,,,,,
Debug-Tres,MGK,1021-2877,Yes,Yes,Yes,New Company Name,"Insecticide, Fungicide, Nematicide",Azadirachtin,3.000%,"Neem Oil, Cold Pressed",4.700%,,,,,,,,,,
Deliver Biological Insecticide,"Certis USA, LLC",70051-69,Yes,Yes,Yes,,Insecticide,Bacillus thuringiensis SSP. Kurstaki,85.000%,,,,,,,,,,,,
DESPOT Snail & Slug Bait,Simplot Turf & Horticulture,67702-33-95428,Yes,Yes,Yes,Hemp on label,Mollusicide,Sodium Ferric EDTA,5.000%,,,,,,,,,,,,
Des-X Insecticidal Soap Concentrate,"Certis USA, LLC",67702-22-70051,Yes,Yes,Yes,,Insecticide,Potassium Laurate,47.000%,,,,,,,,,,,,
DiPel DF Biological Insecticide,Valent BioSciences LLC,73049-39,Yes,Yes,Yes,Greenhouse only.  The label lists specific pests in which this product can be used for.,Insecticide,Bacillus thuringiensis SSP. Kurstaki,54.000%,,,,,,,,,,,,
DiPel PRO DF Biological Insecticide,Valent BioSciences LLC,73049-39,Yes,Yes,Yes,The label lists specific pests in which this product can be used for.,Insecticide,Bacillus thuringiensis SSP. Kurstaki,54.000%,,,,,,,,,,,,
DiTera DF Biological Nematicide Dry Flowable,Valent BioSciences LLC,73049-67,Yes,Yes,Yes,,Nematicide,Myrothecium verrucaria,90.000%,,,,,,,,,,,,
Double Nickel LC,"Certis USA, LLC",70051-107,Yes,Yes,Yes,"hemp added to label, plus separate hemp supplemental label",Fungicide,"Bacillus amyloliquefaciens Strain D747
D747",98.850%,,,,,,,,,,,,
DoubleNickel55,"Certis USA, LLC",70051-108,Yes,Yes,Yes,Hemp on label,Fungicide,"Bacillus amyloliquefaciens Strain D747
D747",25.000%,,,,,,,,,,,,
Dr. Earth Final Stop OMRI Disease Control Fungicide (RTU),"Dr. Earth, Inc.",25(b),Yes,Yes,Yes,,Fungicide,Rosemary Oil,0.060%,Clove Oil,0.050%,Peppermint Oil,0.050%,,,,,,,,
Dr. Earth Final Stop OMRI Disease Control Fungicide Concentrate,"Dr. Earth, Inc.",25(b),Yes,Yes,Yes,,Fungicide,Rosemary Oil,0.900%,Clove Oil,0.750%,Peppermint Oil,0.750%,,,,,,,,
Dr. Earth Final Stop OMRI Fruit Tree Insect Killer (RTU),"Dr. Earth, Inc.",25(b),Yes,Yes,Yes,,Insecticide,Rosemary Oil,0.060%,Sesame Oil,0.050%,Peppermint Oil,0.040%,Thyme oil,0.030%,Cinnamon Oil,0.030%,Garlic Oil,0.020%,,
Dr. Earth Final Stop OMRI Fruit Tree Insect Killer Concentrate,"Dr. Earth, Inc.",25(b),Yes,Yes,Yes,,Insecticide,Rosemary Oil,0.750%,Sesame Oil,0.500%,Peppermint Oil,0.400%,Thyme oil,0.300%,Cinnamon Oil,0.300%,Garlic Oil,0.300%,,
Dr. Earth Final Stop OMRI Vegetable Garden Insect Killer (RTU),"Dr. Earth, Inc.",25(b),Yes,Yes,Yes,,Insecticide,Rosemary Oil,0.050%,Sesame Oil,0.050%,Peppermint Oil,0.040%,Thyme oil,0.030%,Cinnamon Oil,0.030%,Garlic Oil,0.020%,,
Dr. Earth Final Stop OMRI Vegetable Garden Insect Killer Concentrate,"Dr. Earth, Inc.",25(b),Yes,Yes,Yes,,Insecticide,Rosemary Oil,0.750%,Sesame Oil,0.500%,Peppermint Oil,0.400%,Thyme oil,0.300%,Cinnamon Oil,0.300%,Garlic Oil,0.300%,,
Dr. Earth Final Stop OMRI Weed and Grass Herbicide (RTU),"Dr. Earth, Inc.",25(b),Yes,Yes,Yes,,Herbicide,Cinnamon Oil,2.100%,Citric Acid,2.020%,Clove Oil,1.500%,Rosemary Oil,0.040%,Sesame Oil,0.040%,Thyme oil,0.030%,,
Dr. Earth Final Stop OMRI Yard and Garden Insect Killer (RTU),"Dr. Earth, Inc.",25(b),Yes,Yes,Yes,,Insecticide,Rosemary Oil,0.050%,Sesame Oil,0.050%,Peppermint Oil,0.040%,Thyme oil,0.030%,Cinnamon Oil,0.030%,Garlic Oil,0.030%,,
Dr. Earth Final Stop OMRI Yard and Garden Insect Killer Concentrate,"Dr. Earth, Inc.",25(b),Yes,Yes,Yes,,Insecticide,Rosemary Oil,0.750%,Sesame Oil,0.500%,Peppermint Oil,0.400%,Thyme oil,0.300%,Cinnamon Oil,0.300%,Garlic Oil,0.300%,,
Drexel Phiticide,Drexel Chemical Company,19713-625,Yes,Yes,Yes,Use allowed prior to final transplant.,Fungicide,"Phosphorous Acid, Mono- and Di-Potassium Salts of",56.200%,,,,,,,,,,,,
DURALEV,"SAN Group Biotech USA, Inc.",91810-2-51517,Yes,Yes,Yes,,"fungicide, bactercide",Cerevisane,94.100%,,,,,,,,,,,,
Earth's Ally 3-IN-1 Plant Spray (RTU),"Sarasota Green Group, LLC",25(b),Yes,Yes,Yes,,"Insecticide, Miticide, Fungicide",Thyme oil,0.160%,,,,,,,,,,,,
Earth's Ally 3-IN-1 Plant Spray Concentrate,"Sarasota Green Group, LLC",25(b),Yes,Yes,Yes,,"Insecticide, Miticide, Fungicide",Thyme oil,1.860%,,,,,,,,,,,,
Earth's Ally Disease Control (RTU),Sarasota Green Group,25(b),Yes,Yes,Yes,,fungicide,Citric Acid,0.020%,,,,,,,,,,,,
Eco-1 40,"Arborjet, Inc.",25(b),Yes,Yes,Yes,,"insecticide, miticide, fungicide",Linseed Oil,31.000%,Rosemary Oil,8.000%,Thyme oil,1.000%,,,,,,,,
Eco-1 aza Botanical Insecticide,"Arborjet, Inc.",74578-13,Yes,Yes,Yes,,"Insecticide, IGR",Azadirachtin,6.000%,,,,,,,,,,,,
Eco-1 Fruit & Vegetable Spray,"Arborject, Inc.",25(b),Yes,Yes,Yes,,"Insecticide, Miticide, Fungicide",Linseed Oil,1.000%,Rosemary Oil,0.100%,Thyme oil,0.050%,Peppermint Oil,0.050%,,,,,,
Eco-1 Fruit & Vegetable Spray Concentrate,Arborjet Inc.,25(b),Yes,Yes,Yes,,"Insecticide, Miticide, Fungicide",Linseed Oil,10.000%,Rosemary Oil,1.000%,Thyme oil,0.500%,Peppermint Oil,0.500%,,,,,,
Eco-1 Garden Spray,"Arborjet, Inc.",25(b),Yes,Yes,Yes,,"Insecticide, Miticide, Fungicide",Linseed Oil,1.000%,Thyme oil,0.130%,Peppermint Oil,0.060%,,,,,,,,
Eco-1 Garden Spray Concentrate,"Arborjet, Inc.",25(b),Yes,Yes,Yes,,"Insecticide, Fungicide",Linseed Oil,10.000%,Thyme oil,1.340%,Peppermint Oil,0.660%,,,,,,,,
EcoGarden,Parry America Inc.,71908-1-81268,Yes,Yes,Yes,Hemp added to label 5-2020,"Insecticide, Miticide, Nematicide",Azadirachtin,1.200%,,,,,,,,,,,,
EcoVia 3-in-1 Emulsifiable Concentrate,"Rockwell Labs, Ltd.",25(b),Yes,Yes,Yes,,"Fungicide, Insecticide, Miticide",Thyme oil,12.000%,Geraniol,6.000%,Cinnamon Oil,2.000%,Peppermint Oil,2.000%,,,,,,
EcoWorks EC,Ecostadt Technologies LLC,89152-4,Yes,Yes,Yes,Hemp added to label may 2020,"Insecticide, Miticide, Namaticide, Fungicide","Neem Oil, Cold Pressed",70.000%,,,,,,,,,,,,
Ecozin Plus 1.2% ME,Amvac Chemical Corporation,5481-559,Yes,Yes,Yes,,Insecticide,Azadirachtin,1.200%,,,,,,,,,,,,
Eliminator,The Amazing Doctor Zymes,25(b),Yes,Yes,Yes,,"Insecticide, Fungicide",Citric Acid,0.050%,,,,,,,,,,,,
EpiShield,"BioWorks, Inc.",0-0-0,Yes,Yes,Yes,,Insecticide,Peppermint Oil,15.000%,Clove Oil,10.000%,Sodium Lauryl Sulfate,3.000%,,,,,,,,
Epishield O,"Bioworks, Inc.",0-0-0,Yes,Yes,Yes,,Insecticide,Peppermint Oil,15.000%,Clove Oil,10.000%,,,,,,,,,,
essentria CG,Central Garden & Pet Company,0-0-0,Yes,Yes,Yes,,Insecticide,Geraniol,4.000%,Cornmint Oil,0.250%,Clove Oil,0.100%,,,,,,,,
Essentria IC Pro,Wellmark International,25(b),Yes,Yes,Yes,Cannabis on label,Insecticide,Sodium Lauryl Sulfate,11.000%,Geraniol,10.000%,Clove Oil,3.000%,Cornmint Oil,1.500%,,,,,,
Evergreen Crop Protection EC 60-6,MGK,1021-1770,Yes,Yes,Yes,Greenhouse use only,Insecticide,Pyrethrins,6.000%,Piperonyl Butoxide,60.000%,,,,,,,,,,
Evergreen Pro 60-6,MGK,1021-1770,Yes,Yes,Yes,,Insecticide,Pyrethrins,6.000%,Piperonyl Butoxide,60.000%,,,,,,,,,,
Evergreen Pyrethrum Concentrate,MGK,1021-2560,Yes,Yes,Yes,,Insecticide,Pyrethrins,5.000%,,,,,,,,,,,,
Exponent Insecticide Synergist,MGK,1021-1511,Yes,Yes,Yes,,Insecticide,Piperonyl Butoxide,91.300%,,,,,,,,,,,,
Extinguish Professional Fire Ant Bait,Wellmark International,2724-475,Yes,Yes,Yes,,insecticide,s-methoprene,50.000%,,,,,,,,,,,,
Fawligen,AgBiTech Ltd,87978-4,Yes,Yes,Yes,Hemp on label,Insecticide,spodoptera frugiperda Multiple Nucleopolyhedrovirus strain 3AP2,32.700%,,,,,,,,,,,,
Ferti-Lome Dipel Dust Biological Insecticide (RTU),"Voluntary Purchasing Groups, Inc.",7401-290,No,Yes,No,,Insecticide,Bacillus thuringiensis SSP. Kurstaki,0.064%,,,,,,,,,,,,
Ferti-lome Fruit Tree Spray,"Voluntary Purchasing Groups, Inc.",70051-75-7401,Yes,Yes,Yes,,"Fungicide, Insecticide",Pyrethrins,0.250%,Piperonyl Butoxide,2.500%,Clarified Hydrophobic Extract of Neem Oil,70.000%,,,,,,,,
Ferti-lome Triple Action (concentrate),"Voluntary Purchasing Groups, Inc.",70051-111-7401,No,Yes,No,,"Fungicide, Insecticide",Clarified Hydrophobic Extract of Neem Oil,70.000%,Pyrethrins,0.250%,,,,,,,,,,
Ferti-lome Triple Action Ready-to-Spray,"Voluntary Purchasing Groups, Inc.",70051-111-7401,No,Yes,No,,"Fungicide, Insecticide",Clarified Hydrophobic Extract of Neem Oil,70.000%,Pyrethrins,0.250%,,,,,,,,,,
Finalsan Herbicidal Soap,W. Neudorff GmbH KG,67702-8,Yes,Yes,Yes,,Herbicide,Ammoniated soap of fatty acids,22.000%,,,,,,,,,,,,
FireWorxx,OHP Inc,67702-54-59807,Yes,Yes,Yes,,Herbicide,Caprylic Acid,44.000%,Capric Acid,36.000%,,,,,,,,,,
Fosphite Fungicide,"JH Biotech, Inc.",68573-2,Yes,Yes,Yes,Use allowed prior to final transplant.,Fungicide,"Phosphorous Acid, Mono- and Di-Potassium Salts of",53.000%,,,,,,,,,,,,
Fruit Tree Spray Plus,"Lawn and Garden Products, Inc",70051-111-54705,No,Yes,No,,"Fungicide, Insecticide",Clarified Hydrophobic Extract of Neem Oil,70.000%,Pyrethrins,0.250%,,,,,,,,,,
FruitGard,"ICA TriNova, LLC",79814-5,Yes,No,Yes,Hemp on label,"Bactericide, Fungicide",Sodium Chlorite,3.200%,,,,,,,,,,,,
Fungi-Phite,"Verdesian Life Sciences, U.S., LLC",73771-5,Yes,Yes,Yes,,Fungicide,"Phosphorous Acid, Mono- and Di-Potassium Salts of",45.500%,,,,,,,,,,,,
FungOUT,AEF Global Inc.,25(b),Yes,Yes,Yes,,Anitmicrobial and Fungicide,Citric Acid,1.070%,,,,,,,,,,,,
Furious,Gropro,25(b),Yes,Yes,Yes,,Insecticide,Geraniol,30.000%,Peppermint Oil,1.000%,Cottonseed Oil,0.100%,Rosemary Oil,0.010%,,,,,,
Garden Safe Brand Fungicide 3 Concentrate,Schultz Company,70051-2-39609,No,Yes,No,,"Fungicide, Insecticide, Miticide",Clarified Hydrophobic Extract of Neem Oil,70.000%,,,,,,,,,,,,
Garden Safe Brand Insecticidal Soap Insect Killer,Schultz Company,67702-13-39609,Yes,Yes,Yes,,Insecticide,Potassium Laurate,1.000%,,,,,,,,,,,,
Garden Safe Brand Multi-Purpose Garden Insect Killer2,"Spectrum Group, Division of United Industries Corp.",67702-35-8845,Yes,Yes,Yes,Greenouse use only,insecticide,Pyrethrins,0.010%,Canola Oil,1.000%,,,,,,,,,,
Garden Safe Brand Neem Oil Extract Concentrate,Schultz Company,70051-2-39609,No,Yes,No,,"Fungicide, Insecticide, Miticide",Clarified Hydrophobic Extract of Neem Oil,70.000%,,,,,,,,,,,,
GardenTech RootBoost Rooting Hormone,"TechPac, LLC",59807-4-71004,No,Yes,No,,PGR,IBA (Indole-3-Butyric Acid),0.100%,,,,,,,,,,,,
"Gargoil Insect, Mite & Disease Control","SAN Group Biotech USA, Inc.",25(b),Yes,Yes,Yes,,"Insecticide, fungicide",Cinnamon Oil,15.000%,Garlic,20.000%,,,,,,,,,,
Garland,Idai Nature USA Corp.,25(b),Yes,Yes,Yes,,"insecticide, miticide, fungicide, bactericide",Garlic Oil,10.000%,,,,,,,,,,,,
Garland,"Oro Agri, Inc.",25(b),Yes,Yes,Yes,,Insecticide,Garlic Oil,10.000%,,,,,,,,,,,,
Gemstar LC,"Certis USA, LLC",70051-45,Yes,Yes,Yes,Hemp on label,Insecticide,Helicoverpa zea nucleopolyhedrovirus ABA-NPV-U,0.640%,,,,,,,,,,,,
"General Hydroponics Trishield Insecticide, Miticide & Fungicide Concentrate",General Hydroponics,25(b),Yes,Yes,Yes,,Insecticide Miticide Fungicide,Soybean Oil,30.000%,Sodium Lauryl Sulfate,7.500%,Citric Acid,0.150%,,,,,,,,
Golden Pest Spray Oil,"Stoller Enterprises, Inc.",57538-11,Yes,Yes,Yes,,"insecticide, miticide, fungicide",Soybean Oil,93.000%,,,,,,,,,,,,
Green Cleaner (Concentrated),Central Coast Garden Products Inc.,25(b),Yes,Yes,Yes,"Old version of label has statement ""not for use on food or feed crops"" so cannot be used on Cannabis.","Miticide, Fungicide",Soybean Oil,39.000%,Sodium Lauryl Sulfate,19.000%,,,,,,,,,,
Grower's Ally Crop Defender 3 (RTU),"Sarasota Green Group, LLC",25(b),Yes,Yes,Yes,,"Miticide, Insecticide, Fungicide",Thyme oil,0.160%,,,,,,,,,,,,
Grower's Ally Crop Defender 3 Concentrate,"Sarasota Green Group, LLC",25(b),Yes,Yes,Yes,,"Miticide, Insecticide, Fungicide",Thyme oil,15.500%,,,,,,,,,,,,
Grower's Ally Fungicide (RTU),Sarasota Green Group,25(b),Yes,Yes,Yes,,fungicide,Citric Acid,0.020%,,,,,,,,,,,,
Grower's Ally Fungicide Concentrate,Sarasota Green Group,25(b),Yes,Yes,Yes,,fungicide,Citric Acid,1.070%,,,,,,,,,,,,
Grower's Ally Spider Mite Control (RTU),Sarasota Green Group,25(b),Yes,Yes,Yes,,"miticide, insecticide",Rosemary Oil,0.500%,Clove Oil,0.030%,Peppermint Oil,0.020%,,,,,,,,
Growsafe Biopesticide:  insecticide-miticide-fungicide,AgroMagen LLC,25(b),Yes,Yes,Yes,,"insecticide, miticide, fungicide",Corn Oil,15.000%,Soybean Oil,15.000%,,,,,,,,,,
Guarda,Biosafe Systems LLC,92144-2-70299,Yes,Yes,Yes,,"fungicide, bactericide",Thyme oil,3.000%,,,,,,,,,,,,
Hammerhead Herbicide,Actylis,2749-663,Yes,Yes,Yes,,Herbicide,Ethalfluralin,35.400%,,,,,,,,,,,,
Harrell's ProtectMAX Title Phyte Systemic Fungicide,"Harrell's, LLC",52287-25,Yes,Yes,Yes,,Fungicide,"Phosphorous Acid, Mono- and Di-Potassium Salts of",50.600%,,,,,,,,,,,,
Harvest 6.0,"Disinfecting Services, LLC",10324-214-90353,Yes,Yes,Yes,,"Antimicrobial, fungicide",Hydrogen Peroxide,27.300%,Peroxyacetic Acid,5.900%,,,,,,,,,,
Heligen,AgBiTech Pty Ltd,87978-2,Yes,Yes,Yes,Hemp on label,Insecticide,Helicoverpa zea nucleopolyhedrovirus ABA-NPV-U,32.000%,,,,,,,,,,,,
Hi-Yield Snake Eyes Dusting Wettable Sulfur,"Voluntary Purchasing Groups, Inc.",7401-188-34911,No,Yes,No,,"Fungicide, Insecticide",Sulfur,90.000%,,,,,,,,,,,,
HomePlate,Certis USA LLC,67702-54-70051,Yes,Yes,Yes,Hemp on label,Herbicide,Caprylic Acid,44.000%,Capric Acid,36.000%,,,,,,,,,,
Hormex Rooting Powder No. 16,Maia Products Inc.,8281-2,Yes,No,Yes,Hemp on label,Plant Growth Regulator,Indole-3-butyric acid,1.600%,,,,,,,,,,,,
Hormodin 1,"OHP, Inc.",59807-4,Yes,Yes,Yes,,PGR,IBA (Indole-3-Butyric Acid),0.100%,,,,,,,,,,,,
Hortus IBA Water Soluble Salts (20%),Hortus USA Corp.,63310-22,Yes,Yes,Yes,Foliar or basal applications.,PGR,IBA (Indole-3-Butyric Acid),20.000%,,,,,,,,,,,,
Howler EVO Fungicide,"AgBiome Innovations, Inc.",91197-3-92488,Yes,Yes,Yes,Hemp on label,Fungicide,Pseudomonas chlororaphis strain AFS009,50.000%,,,,,,,,,,,,
Howler Fungicide,AgBiome Innovations,91197-3-92488,Yes,Yes,Yes,hydroponic crops ONLY,fungicide,Pseudomonas chlororaphis strain AFS009,50.000%,,,,,,,,,,,,
Howler fungicide,Certis USA LLC,70051-141,Yes,Yes,Yes,Hemp on label,fungicide,Pseudomonas chlororaphis strain AFS009,50.000%,,,,,,,,,,,,
Huma Proud 3,"Huma, Inc.",0-0-0,Yes,Yes,Yes,,"Insecticide, miticide, fungicide",Thyme oil,5.500%,Clove Oil,1.000%,Garlic Oil,0.300%,Cinnamon Oil,0.025%,Rosemary Oil,0.025%,,,,
Huma Proud 4,"Huma, Inc.",0-0-0,Yes,Yes,Yes,,"Insecticide, Miticide, Fungicide",Thyme oil,5.500%,Clove Oil,1.000%,Garlic Oil,0.300%,Cinnamon Oil,0.025%,Rosemary Oil,0.025%,,,,
Hydroxycide 1522,Hydrite Chemical Co.,2686-22,Yes,Yes,Yes,,"Fungicide, Bactericide, Algaecide",Hydrogen Peroxide,22.000%,Peroxyacetic Acid,15.000%,,,,,,,,,,
Hydroxycide 527,Hydrite Chemical Company,2686-21,Yes,Yes,Yes,,fungicide algaecide bactericide,Hydrogen Peroxide,26.500%,Peroxyacetic Acid,4.900%,,,,,,,,,,
Hygropunch,"SIPCO Innovations, Inc.",0-0-0,Yes,Yes,Yes,,"Insecticide, Fungicide",Soybean Oil,65.000%,Cinnamon Oil,5.000%,Thyme oil,5.000%,,,,,,,,
Impact SIX,Organisan Corporation,0-0-0,Yes,Yes,Yes,,"Fungicide, Bactericide",Chitosan,6.000%,,,,,,,,,,,,
Insect Dust,St. Gabriel Organics,63191-17,No,Yes,No,,Insecticide,Diatomaceous Earth,85.000%,,,,,,,,,,,,
IPM Ready to Use,"Athena Ag, Inc.",0-0-0,Yes,Yes,Yes,"Peppermint Oil, 0.0075%; Cinnamon Oil 0.0075%; Citric Acid 0.0065%","Insecticide, Fungicide",Peppermint Oil,,Cinnamon Oil,,Citric Acid,,,,,,,,,
IronFist Slug & Snail Bait,Belchim Crop Protection US Corp.,67702-32-87865,Yes,Yes,Yes,,Molluscicide,Sodium Ferric EDTA,2.000%,,,,,,,,,,,,
Isarid,"Koppert Biological Systems, Inc",89635-5,Yes,No,No,,Insecticide,Isaria fumosorosea,18.000%,,,,,,,,,,,,
Javelin WG Biological Insecticide,"Certis USA, LLC",70051-66,Yes,Yes,Yes,Hemp on label  added 9-2021,Insecticide,Bacillus thuringiensis SSP. Kurstaki,85.000%,,,,,,,,,,,,
Judgement,Gropro,25(b),Yes,Yes,Yes,,fungicide,Thyme oil,2.000%,,,,,,,,,,,,
Kitogard,"Sym-Agro, Inc.",0-0-0,Yes,Yes,Yes,,"Fungicide, Nematicide",Chitosan,2.300%,,,,,,,,,,,,
Kopa Insecticidal Soap,OHP Inc.,67702-11-59807,Yes,Yes,Yes,Same product also available under EPA Reg. No. 67702-11 by W. Neudorff GmbH KG,"insecticide, Miticide, Fungicide",Potassium Salts of Fatty Acids,47.000%,,,,,,,,,,,,
LALGUARD M52 GR,Danstar Ferment Ag/LALLEMAND PLANT CARE,64137-31,Yes,Yes,Yes,Hemp on revised label,Insecticide,Metarhizium Brunneum Strain F52,2.000%,,,,,,,,,,,,
Lalnix Act DC,Danstar Ferment AG/LALLEMAND Plant Care,64137-36,Yes,Yes,Yes,Hemp on label,Nematicide,Paecilomyces lilacinus strain 251,20.000%,,,,,,,,,,,,
LALSTOP G46 WG,Danstar Ferment AG / LALLEMAND Plant Care,64137-13,Yes,Yes,Yes,Hemp on label,fungicide,Gliocladium catenulatum strain J1446,93.000%,,,,,,,,,,,,
LALSTOP K61 WP,Danstar Ferment AG/Lallemand Plant Care,64137-5,Yes,Yes,Yes,Soil Spray or drench / Drip irrigation to field crops only.,fungicide,Streptomyces Strain K61,35.000%,,,,,,,,,,,,
Leaf Life Gavicide Green 415,"Loveland Products, Inc.",34704-1028,Yes,Yes,Yes,,Insecticide,Mineral Oil,98.000%,,,,,,,,,,,,
Lesco Horticultrural Oil Plus,Lesco Inc.,10404-121,Yes,Yes,Yes,"Flowering plants
Bedding plants","Insecticide, Miticide",Mineral Oil,98.800%,,,,,,,,,,,,
LifeGard WG,"Certis USA, LLC",70051-119,Yes,Yes,Yes,Hemp on label,Fungicide,Bacillus mycoides isolate J,40.000%,,,,,,,,,,,,
Lost Coast Plant Therapy Concentrate,LCPT Inc.,25(b),Yes,Yes,Yes,,"Fungicide, Insecticide",Soybean Oil,38.000%,Peppermint Oil,0.500%,Citric Acid,0.250%,,,,,,,,
Maggie's Farm Simply Effective 3-in-1 Garden Spray,Maggie's Farm Ltd.,25(b),No,Yes,No,,"Insecticide, Fungicide, Miticide",Thyme oil,0.280%,Geraniol,0.140%,Cinnamon Oil,0.050%,Peppermint Oil,0.050%,,,,,,
Magic Flower Bud Finisher & Pest Control,"Magic Flower, LLC",25(b),Yes,Yes,Yes,,"Plant Growth Regulator, Fungicide, Insecticide",Sesame Oil,28.500%,Cinnamon,3.200%,Garlic,3.000%,Clove,1.500%,,,,,,
Magic Gardener Biological Disease Control,Valent BioSciences LLC,73049-522,No,Yes,Yes,Residental Use Only,Fungicide,Bacillus amyloliquefaciens strain PTA-4838,74.810%,,,,,,,,,,,,
Magic Gardener Caterpillar Control,Valent BioSciences LLC,73049-39,No,Yes,Yes,,Insecticide,Bacillus thuringiensis SSP. Kurstaki,54.000%,,,,,,,,,,,,
Mammoth Control,"Mammoth Ag, Inc.",25(b),Yes,Yes,Yes,,"Fungicide, Miticide, Insecticide",Corn Oil,55.000%,Thyme oil,15.000%,,,,,,,,,,
MegaGro L,"CH Biotech, LLC",90866-13,Yes,Yes,Yes,plant cuttings and Greenhouse only,Plant Growth Regulator,IBA (Indole-3-Butyric Acid),0.850%,Cytokinin (Kinetin),0.150%,,,,,,,,,,
Mighty Mint Plant Protection,Pure Origin Products,0-0-0,Yes,Yes,Yes,Hemp on label,"Insecticide, Fungicide",Peppermint Oil,0.300%,Rosemary Oil,0.200%,Geraniol,0.100%,,,,,,,,
Mildew Cure,"JH Biotech, Inc.",25(b),Yes,Yes,Yes,,Fungicide,Cottonseed Oil,30.000%,Corn Oil,30.000%,Garlic Oil,23.000%,,,,,,,,
Milstop SP,"BioWorks, Inc.",68539-13,Yes,Yes,Yes,Hemp on label,Fungicide,Potassium Bicarbonate,85.000%,,,,,,,,,,,,
Miracle-Gro Nature's Care Insecticidal Soap,"Miracle-Gro Lawn Products, Inc.",67702-21-62355,No,Yes,No,Use allowed prior to final transplant.,Insecticide,Potassium Salts of Fatty Acids,1.000%,,,,,,,,,,,,
Mite-Phite ZM,Agro-K Corporation,48222-14,Yes,No,Yes,Use prior to final transplant only,"fungicide, miticide",Phosphorous Acid,30.000%,,,,,,,,,,,,
Molt-X,"BioWorks, Inc.",68539-11,Yes,Yes,Yes,,Insecticide,Azadirachtin,3.000%,,,,,,,,,,,,
Monterey Complete Disease Control Brand,"Lawn and Garden Products, Inc.",70051-107-54705,No,Yes,No,,Fungicide,"Bacillus amyloliquefaciens Strain D747
D747",98.850%,,,,,,,,,,,,
Monterey Complete Disease Control Brand RTU,"Lawn and Garden Products, Inc.",70051-114-54705,No,Yes,No,,Fungicide,"Bacillus amyloliquefaciens Strain D747
D747",9.880%,,,,,,,,,,,,
Monterey Garden Phos,"Lawn and Garden Products, Inc.",83416-1-54705,No,Yes,No,,Fungicide,"Mono- and Dibasic Sodium, Potassium, and Ammonium Phosphites",48.500%,,,,,,,,,,,,
Monterey Horticultural Oil,"Lawn and Garden Products, Inc",48813-1-54705,No,Yes,No,,"Insecticide Miticide, Fungicide",Mineral Oil,80.000%,,,,,,,,,,,,
Monterey Horticultural Oil RTU,"Lawn and Garden Products, Inc.",6218-78-54705,No,Yes,No,,Insecticide,Mineral Oil,1.000%,,,,,,,,,,,,
Monterey Liquid Copper Fungicide RTU,"Lawn and Garden Products, Inc.",67702-1-54705,No,Yes,No,,Fungicide,Copper Octanoate,0.080%,,,,,,,,,,,,
Monterey Neem Oil RTU,"Lawn and Garden Products, Inc",70051-13-54705,No,Yes,No,,"Fungicide, Insecticide, Miticide",Clarified Hydrophobic Extract of Neem Oil,0.900%,,,,,,,,,,,,
Monterey Take Down Garden Spray RTU,"Lawn and Garden Products, Inc",67702-6-54705,No,Yes,No,Only for use in home gardens and home greenhouses.,Insecticide,Canola Oil,1.000%,Pyrethrins,0.010%,,,,,,,,,,
M-Pede Insecticide Miticide Fungicide,Gowan Company,10163-324,Yes,Yes,Yes,,"Fungicide, Insecticide",Potassium Laurate,49.000%,,,,,,,,,,,,
Mycotrol Optima ESO,"Certis USA, LLC",82074-17,Yes,Yes,Yes,,Insecticide,Beauveria bassiana Strain GHA,2.000%,,,,,,,,,,,,
Mycotrol WPO,"Certis USA, LLC",82074-2,Yes,Yes,Yes,Hemp on label,Insecticide,Beauveria bassiana Strain GHA,22.000%,,,,,,,,,,,,
Natria Disease & Fungus Control Ready-To-Use,SBM Life Science Corp.,67702-1-92564,No,Yes,Yes,Not for commerical use,Fungicide,Octanoic Acid,0.080%,,,,,,,,,,,,
Natria Insecticidal Soap Ready-To-Use,SBM Life Science Corp.,67702-21-92564,No,Yes,No,Before final transplant.,Insecticide,Potassium Salts of Fatty Acids,1.000%,,,,,,,,,,,,
Natria Neem Oil Concentrate,SBM Life Science Corp.,70051-2-92564,No,Yes,No,,"Insecticide, Fungicide",Clarified Hydrophobic Extract of Neem Oil,70.000%,,,,,,,,,,,,
Natria Neem Oil Ready-To-Use,SBM Life Science Corp.,70051-13-92564,No,Yes,No,,"Fungicide, Insecticide",Clarified Hydrophobic Extract of Neem Oil,0.900%,,,,,,,,,,,,
Nature-Cide All Purpose Commercial Concentrate,"Pacific Shore Holdings, Inc.",25(b),Yes,Yes,Yes,,Insecticide,Clove Oil,0.500%,Cottonseed Oil,0.500%,,,,,,,,,,
Nature-Cide All Purpose Insecticide,"Pacific Shore Holdings, Inc.",25(b),Yes,Yes,Yes,,Insecticide,Clove Oil,0.050%,,,,,,,,,,,,
Nature's IQ Brand Cold Pressed Neem Oil Concentrate,JVH Consumer Products Inc.,95993-3-102711,Yes,Yes,Yes,hemp on label,"Insecticide, Fungicide","Neem Oil, Cold Pressed",84.900%,,,,,,,,,,,,
Nature's IQ Brand Cold Pressed Neem Oil RTU,JVH Consumer Products INC,95993-4-102711,Yes,Yes,Yes,,"Insecticide, Fungicide","Neem Oil, Cold Pressed",1.000%,,,,,,,,,,,,
Neem 85,Summit Chemical Co.,95993-3-6218,No,Yes,Yes,Hemp on label.,"Fungicide, Insecticide, Miticide","Neem Oil, Cold Pressed",84.900%,,,,,,,,,,,,
Neem RTU,Summit Chemical Co,95993-4-6218,No,Yes,Yes,,"Fungicide, Insecticide","Neem Oil, Cold Pressed",1.000%,,,,,,,,,,,,
Neemix 4.5 Insect Growth Regulator,"Certis USA, LLC",70051-9,Yes,Yes,Yes,,Nematicide,Azadirachtin,4.500%,,,,,,,,,,,,
Nimaxxa XRC,UPL NA Inc.,2375-5-70506,Yes,Yes,Yes,,Nematicide,Bacillus subtilis strain CH4000,3.330%,Bacillus paralicheniformis strain CH0273,3.330%,Bacillus paralicheniformis strain CH2970,3.330%,,,,,,,,
NOFly WP,"FuturEco Bioscience, S.A.",88664-1,Yes,Yes,Yes,,Insecticide,Isaria fumosorosea,18.000%,,,,,,,,,,,,
Nuke Em,Flying Skull Plant Products,25(b),Yes,Yes,Yes,,"Fungicide, Insecticide",Citric Acid,0.050%,,,,,,,,,,,,
Nutrol 0-50-32,"Lidochem, Inc.",70644-1,Yes,Yes,Yes,,Fungicide,Monopotassium Phosphate,100.000%,,,,,,,,,,,,
Omni Supreme Spray,Helena Chemical Company,5905-368,Yes,No,Yes,Not intended for greenhouse use,Insecticide,Mineral Oil,98.000%,,,,,,,,,,,,
Optify/Stretch,"Winfield Solutions, LLC",33270-40,Yes,Yes,Yes,Outdoor use only,PGR,Complex polymeric polyhydroxy acid (CPPA),0.110%,Cytokinin (Kinetin),0.010%,,,,,,,,,,
Organocide Bee Safe 3in1 Garden Spray Concentrate,"Star Group Solutions, LLC",0-0-0,Yes,Yes,Yes,,"Insecticide, Fungicide, Miticide",Sesame Oil,5.000%,,,,,,,,,,,,
Organocide Bee Safe 3in1 Garden Spray Ready to Spray,"Star Group Solutions, LLC",0-0-0,Yes,Yes,Yes,,"Insecticide, Fungicide",Sesame Oil,5.000%,,,,,,,,,,,,
Organocide Bee Safe 3in1 Garden Spray Ready to Use,"Star Group Solutions, LLC",0-0-0,Yes,Yes,Yes,,"Insecticide, Fungicide",Sesame Oil,0.080%,,,,,,,,,,,,
Organocide Bee Safe Insect Killer Concentrate,"Star Group Solutions, LLC",0-0-0,No,Yes,Yes,,Insecticide,Sesame Oil,5.000%,,,,,,,,,,,,
Organocide Bee Safe Insect Killer Ready to Spray,"Star Group Solutions, LLC",0-0-0,No,Yes,Yes,,Insecticide,Sesame Oil,5.000%,,,,,,,,,,,,
Organocide Bee Safe Insect Killer Ready to Use,"Star Group Solutions, LLC",0-0-0,No,Yes,Yes,,Insecticide,Sesame Oil,0.080%,,,,,,,,,,,,
Ortho Tree & Shrub Fruit Tree Spray Concentrate,The Ortho Group,70051-75-239,Yes,Yes,Yes,,"Fungicide, Insecticide",Clarified Hydrophobic Extract of Neem Oil,70.000%,Piperonyl Butoxide,2.500%,Pyrethrins,0.250%,,,,,,,,
OxiDate 2.0,"BioSafe Systems, LLC",70299-12,Yes,Yes,Yes,,Fungicide,Hydrogen Peroxide,27.100%,Peroxyacetic Acid,2.000%,,,,,,,,,,
Oxidate 5.0,"BioSafe Systems, LLC",70299-28,Yes,Yes,Yes,Hemp on label,Fungicide,Hydrogen Peroxide,27.000%,Peroxyacetic Acid,5.000%,,,,,,,,,,
OxiPhos,"BioSafe Systems, LLC",70299-22,Yes,Yes,Yes,"Feb, 2020 revised label broadened use, older labels only allow use prior to final transplant.","Antimicrobial, Fungicide","Phosphorous Acid, Mono- and Di-Potassium Salts of",27.100%,Hydrogen Peroxide,14.000%,,,,,,,,,,
PathoCURB,"Kemin Industries, Inc.",0-0-0,Yes,No,Yes,Commercial Use Only,Fungicide,Thyme oil,15.500%,,,,,,,,,,,,
Peragreen 15%,"Envir Tech Chemical Services, Inc.",63838-2,Yes,Yes,Yes,,fungicide,Peroxyacetic Acid,15.000%,Hydrogen Peroxide,22.000%,,,,,,,,,,
Peragreen 5.6%,"Enviro Tech Chemical Services, Inc.",63838-1,Yes,Yes,Yes,No foliar applications allowed,"fungicide, Bactericide",Peroxyacetic Acid,5.600%,Hydrogen Peroxide,26.500%,,,,,,,,,,
PerCarb,"BioSafe Systems, LLC",70299-15,Yes,No,Yes,Hemp on label,fungicide,Sodium Carbonate Peroxyhydrate,85.000%,,,,,,,,,,,,
Perma-Guard Crawling Insect Control,Perma-Guard Inc.,73729-1-67197,Yes,Yes,Yes,,Insecticide,Diatomaceous Earth,100.000%,,,,,,,,,,,,
Perox Ag,AFCO,63838-1-833,Yes,Yes,Yes,,"Fungicide, Bactericide",Peroxyacetic Acid,5.600%,Hydrogen Peroxide,26.500%,,,,,,,,,,
PERpose Plus,"BioWorks, Inc.",68539-15,Yes,No,Yes,,"fungicide, algaecide",Hydrogen Peroxide,33.000%,,,,,,,,,,,,
Pest Out,"JJ Biotech, Inc.",25(b),Yes,Yes,Yes,,"insecticide, miticide",Cottonseed Oil,40.000%,Clove Oil,20.000%,Garlic Oil,30.000%,,,,,,,,
PFR-97 10% ES,Certis USA LLC,70051-133,Yes,No,Yes,,Insecticide,Isaria fumosorosea,10.000%,,,,,,,,,,,,
PFR-97 20% WDG,"Certis USA, LLC",70051-19,Yes,Yes,Yes,"Only for outdoor grows, or intended for transplanting to outdoor fields",Insecticide,Isaria fumosorosea,20.000%,,,,,,,,,,,,
Phostrol Agricultural Fungicide,"Nufarm Americas, Inc. AGT Division",55146-83,Yes,Yes,Yes,Use allowed prior to final transplant.,Fungicide,"Phosphorous Acid, Mono- and Di-Potassium Salts of",53.600%,,,,,,,,,,,,
Pinion,"Advancing Eco Agriculture, Inc.",0-0-0,Yes,Yes,Yes,,Fungicide,Citric Acid,1.400%,Cinnamon Oil,0.100%,,,,,,,,,,
Power SI,Canopy Crop Management,25(b),Yes,Yes,Yes,,Insecticide,Thyme oil,15.000%,Peppermint Oil,5.000%,Cinnamon Oil,5.000%,,,,,,,,
Prephyte,DPH Biologicals LLC,94485-10,Yes,Yes,Yes,Hemp on label,"fungicide, bactericide",Bacillus amyloliquefaciens strain ENV503,1.300%,,,,,,,,,,,,
PrimeR,"FBN Inputs, LLC",94730-58-92115,Yes,Yes,Yes,Hemp on label,Plant Growth Regulator,Indole-3-butyric acid,0.850%,Cytokinin (Kinetin),0.150%,,,,,,,,,,
Principle WP,"BioWorks, Inc.",68539-22,Yes,Yes,Yes,Hemp on label,"Insecticide, Miticide",Beauveria bassiana strain BW149,21.000%,,,,,,,,,,,,
Pro Mix FPX AGTIV DEFEND,Premier Tech Growers and Consumers Inc.,74267-3,Yes,Yes,Yes,Not for outdoor use,"Insecticide, Fungicide",Bacillus pumilus Strain GHA 180,0.001%,,,,,,,,,,,,
Pro Mix O AGTIV Defend,Premier Tech Growers and Consumers Inc.,74267-10,Yes,Yes,Yes,Protected Growing Environments Only (greenhouses and nurseries),Biofungicide,Bacillus pumilus Strain GHA 180,0.000%,,,,,,,,,,,,
Pro Mix O AGTIV Fortify,Premier Tech Growers and Consumers Inc.,74267-8,Yes,Yes,Yes,Protected Growing Environments Only (greenhouses and nurseries),Biofungicide,Bacillus pumilus Strain GHA 180,0.001%,,,,,,,,,,,,
ProGibb TVO Plant Growth Regulator Solution,Valent BioSciences LLC,73049-15,Yes,Yes,Yes,,PGR,Gibberellins (Gibberellic Acid),4.000%,,,,,,,,,,,,
PRO-MIX Bio-Fungicide,"Premier Horticulture, Inc.",74267-3,Yes,Yes,Yes,Greenhouse use only,fungicide,Bacillus pumilus Strain GHA 180,0.001%,,,,,,,,,,,,
Pro-Mix Biofungicide + Mycorrhizae,Premier Horticulture LTD,74267-4,Yes,Yes,Yes,For use in protected growing environments only (eg. greenhouses).,Fungicide,Bacillus pumilus Strain GHA 180,0.001%,,,,,,,,,,,,
Pro-Mix BRK Biofungicide + Mycorrhizae,Premier Horticulture Inc.,74267-4,Yes,Yes,Yes,For use in protected growing environments only (eg. greenhouses).,Fungicide,Bacillus pumilus Strain GHA 180,0.001%,,,,,,,,,,,,
Pro-Mix BRK20 Biofungicide + Mycorrhizae,Premier Horticulture Inc.,74267-4,Yes,Yes,Yes,For use in protected growing environments only (eg. greenhouses).,Fungicide,Bacillus pumilus Strain GHA 180,0.001%,,,,,,,,,,,,
Pro-Mix BX Biofungicide + Mycorrhizae,Premier Horticulture LTD,74267-4,Yes,Yes,Yes,Growing medium. Greenhouse use only.,Fungicide,Bacillus pumilus Strain GHA 180,0.001%,,,,,,,,,,,,
PRO-MIX FPX Bio-Fungicide,"Premier Horticulture, Inc.",74267-3,Yes,Yes,Yes,Greenhouse use only,Fungicide,Bacillus pumilus Strain GHA 180,0.001%,,,,,,,,,,,,
Pro-Mix HP Biofungicide + Mycorrhizae,Premier Horticulture LTD,74267-4,Yes,Yes,Yes,Growing medium. Greenhouse use only.,Fungicide,Bacillus pumilus Strain GHA 180,0.001%,,,,,,,,,,,,
Pro-Mix HPCC Biofungicide + Mycorrhizae,Premier Horticulture Inc.,74267-4,Yes,Yes,Yes,Greenhouse use only.,Fungicide,Bacillus pumilus Strain GHA 180,0.001%,,,,,,,,,,,,
PRO-Mix MP Biofungicide+Mycorrhizae,Premier Horticulture Inc.,72467-8,Yes,Yes,Yes,Greenhouse only,Fungicide,Bacillus pumilus Strain GHA 180,0.001%,,,,,,,,,,,,
Promote,"CH Biotech R&D Col, Ltd.",90866-23,No,No,Yes,Hemp is listed on label.,Plant Growth Regulator,Cytokinin (Kinetin),0.120%,Gamma Aminobutyric Acid (GABA),1.000%,Choline Chloride,2.000%,,,,,,,,
Protection Plus,Environmental Plant Management,25(b),Yes,Yes,Yes,,"insecticide, fungicide",Citric Acid,0.220%,,,,,,,,,,,,
Protection Plus,Enviromental Plant Management,0-0-0,Yes,Yes,Yes,,"Insecticide, Fungicide",Citric Acid,0.220%,,,,,,,,,,,,
Pycana,OHP Inc,67702-53-59807,Yes,Yes,Yes,Greenhouse use only,"Insecticide, Miticide",Pyrethrins,0.500%,Canola Oil,89.000%,,,,,,,,,,
Pyganic Crop Protection EC 1.4 II,MGK,1021-1771,Yes,Yes,Yes,,Insecticide,Pyrethrins,1.400%,,,,,,,,,,,,
Pyganic Crop Protection EC 5.0 II,MGK,1021-1772,Yes,Yes,Yes,,Insecticide,Pyrethrins,5.000%,,,,,,,,,,,,
PyGanic Gardening,MGK,1021-1771,No,Yes,No,Outdoor use only.,Insecticide,Pyrethrins,1.400%,,,,,,,,,,,,
Pyganic Specialty,MGK,1021-1772,Yes,Yes,Yes,,Insecticide,Pyrethrins,5.000%,,,,,,,,,,,,
Pyronyl Crop Spray,Central Garden & Pet Company,89459-26,Yes,Yes,Yes,"""hemp"" listed under ""additional crops""",Insecticide,Piperonyl Butoxide,60.000%,Pyrethrins,6.000%,,,,,,,,,,
Rampart 6.8,"Loveland Products, Inc.",82940-1-34704,Yes,Yes,Yes,Prior to final transplant,Fungicide,mono- and dipotassium phosphite,57.000%,,,,,,,,,,,,
Rampart Fungicide,"Loveland Products, Inc.",34704-924,Yes,Yes,Yes,Use allowed prior to final transplant.,Fungicide,"Phosphorous Acid, Mono- and Di-Potassium Salts of",53.000%,,,,,,,,,,,,
Rango,"Terramera, Inc.",88760-10,Yes,Yes,Yes,Has a supplemental label for hemp.,"Insecticide, Fungicide, Miticide","Neem Oil, Cold Pressed",70.000%,,,,,,,,,,,,
Rapidgrow Rootburst Powder,"Rapidgrow Industries, Inc.",83527-1,Yes,Yes,Yes,Nursery/greenhouse use only.,PGR,IBA (Indole-3-Butyric Acid),0.800%,,,,,,,,,,,,
Rapture,GoPro,25(b),Yes,Yes,Yes,Hemp on label,Herbicide,Eugenol,23.000%,,,,,,,,,,,,
Reform,"Loveland Products, Inc.",89459-33-34704,Yes,Yes,Yes,additive - must mix with an insecticide,,Piperonyl Butoxide,91.300%,,,,,,,,,,,,
Reliant Systemic Fungicide,Quest Products LLC,83416-1,Yes,Yes,Yes,Can only be used prior to final transplant.,Fungicide,"Phosphorous Acid, Mono- and Di-Potassium Salts of",45.800%,,,,,,,,,,,,
Resist 57,Actagro LLC,82940-1,Yes,No,Yes,Use allowed prior to final transplant.,Fungicide,"Phosphorous Acid, Mono- and Di-Potassium Salts of",57.000%,,,,,,,,,,,,
Revline Late Season,"Meristem Crop Performance Group, LLC",90866-23-95552,Yes,Yes,Yes,,Plant Growth Regulator,Cytokinin (Kinetin),0.120%,Gamma Aminobutyric Acid (GABA),1.000%,Choline Chloride,2.000%,,,,,,,,
RevoCURB,"Kemin Industries, Inc.",25(b),Yes,No,Yes,,"Bactericide, Fungicide, Nematicide",Thyme oil,7.000%,Clove Oil,6.000%,Garlic Oil,4.000%,Cinnamon Oil,2.000%,,,,,,
Rhapsody,Bayer CropScience LP,264-1155,Yes,Yes,Yes,,Fungicide,Bacillus subtilis QST713 Strain,,,,,,,,,,,,,
Ridex,AgSciTech Inc.,25(b),Yes,Yes,Yes,,fungicide,Cinnamon Oil,1.000%,Rosemary Oil,1.000%,Sesame Oil,3.000%,,,,,,,,
Romeo,Lesaffre Yeast Corporation,91810-2,Yes,Yes,Yes,Hemp on label. Specific diseases only.,Fungicide,Cerevisane,94.100%,,,,,,,,,,,,
Romivex Dip,"Kemin Industries, Inc.",0-0-0,Yes,No,Yes,Commerical use only,Insecticide,Rosemary Oil,50.000%,,,,,,,,,,,,
Root Cleaner Concentrated,Central Coast Garden Products Inc.,25(b),Yes,Yes,Yes,,"Fungicide, Insecticide",Sodium Lauryl Sulfate,18.000%,Soybean Oil,10.000%,,,,,,,,,,
RootShield Plus+ Granules Biological Fungicide,"BioWorks, Inc.",68539-10,Yes,Yes,Yes,,Fungicide,Trichoderma harzianum Rifai Strain KRL-AG2,1.150%,Trichoderma virens Strain G-41,0.610%,,,,,,,,,,
RootShield Plus+ WP Biological Fungicide,"BioWorks, Inc.",68539-9,Yes,Yes,Yes,,Fungicide,Trichoderma harzianum Rifai Strain KRL-AG2,1.150%,Trichoderma virens Strain G-41,0.610%,,,,,,,,,,
RootShield WP Biological Fungicide,"BioWorks, Inc.",68539-7,Yes,Yes,Yes,"Uses permitted - cutting or bare-rooted transplant dip, greenhouse/nursery soil drench, greenhouse/field chemigation.",Fungicide,Trichoderma harzianum Rifai Strain KRL-AG2,1.150%,,,,,,,,,,,,
"Safer Brand Garden Fungicide for Flowers, Fruit, and Vegetables, Concentrate","Safer, Inc.",42697-37,Yes,Yes,Yes,,Fungicide,Sulfur,12.000%,,,,,,,,,,,,
"Safer Brand Garden Fungicide II for Flowers, Fruits, and Vegetables","Safer, Inc.",59913-11,Yes,Yes,Yes,,"Fungicide, Insecticide",Sulfur,0.400%,,,,,,,,,,,,
Safer Brand Insect Killing Soap ConcentrateII,"Safer, Inc.",42697-60,Yes,Yes,Yes,,Insecticide,Potassium Salts of Fatty Acids,49.520%,,,,,,,,,,,,
Safer Brand Insect Killing Soap with Seaweed ExtractII,"Safer, Inc.",42697-59,Yes,Yes,Yes,,Insecticide,Potassium Salts of Fatty Acids,2.000%,,,,,,,,,,,,
Safer Brand Neem Oil Concentrate,"Safer, Inc.",70051-2-42697,Yes,Yes,Yes,,"Fungicide, Miticide, Insecticid",Clarified Hydrophobic Extract of Neem Oil,70.000%,,,,,,,,,,,,
SaferGro Pest Out,"SaferGro Laboratories, Inc.",25(b),Yes,Yes,Yes,,Insecticide,Cottonseed Oil,40.000%,Clove Oil,20.000%,Garlic Oil,10.000%,,,,,,,,
SaniDate 12.0,"BioSafe Systems, LLC",70299-18,Yes,Yes,Yes,For chemigation applications for foliar plant pathogens only,Antimicrobia,Hydrogen Peroxide,18.500%,Peroxyacetic Acid,12.000%,,,,,,,,,,
SaniDate HC,"BioSafe Systems, LLC",70299-31,Yes,Yes,Yes,,"fungicide, bactericide, algaecide",Hydrogen Peroxide,23.000%,Peroxyacetic Acid,28.000%,,,,,,,,,,
Seican,"Summit Agro USA, LLC",91473-2-88783,Yes,Yes,Yes,,"insecticide, miticide, fungicide",Cinnamaldehyde,22.500%,,,,,,,,,,,,
SePro Ornazin 3% EC Botanical Insecticide,SePRO Corporation,5481-476-67690,Yes,Yes,Yes,,Insecticide,Azadirachtin,3.000%,,,,,,,,,,,,
Serenade Garden Disease Control Concentrate,Bayer CropScience LP,264-1152,Yes,Yes,Yes,,Fungicide,Bacillus subtilis QST713 Strain,1.340%,,,,,,,,,,,,
Serenade Garden Disease Control Ready to Spray,Bayer CropScience LP,264-1152,Yes,Yes,Yes,,Fungicide,Bacillus subtilis QST713 Strain,1.340%,,,,,,,,,,,,
Sil-Matrix LC,Certis USA LLC,70051-127,Yes,Yes,Yes,3-2020:  hemp added to label.  Could already be used on Cannabis.,"fungicide, miticide, insecticide",Potassium Silicate,29.000%,,,,,,,,,,,,
Socoro,"Terramera, Inc.",88760-10,Yes,No,Yes,,"Insecticide, Fungicide","Neem Oil, Cold Pressed",70.000%,,,,,,,,,,,,
Sonalan HFP,Gowan,10163-356,Yes,No,Yes,Hemp on label. Limited to one application per site per year.,Herbicide,Ethalfluralin,35.400%,,,,,,,,,,,,
Spear T Liquid Concentrate,Vestaron Corporation,88847-6,Yes,Yes,Yes,Hemp on label,"Insecticide, Miticide",GS-omega/kappa-Hxtx-Hv1a,2.000%,,,,,,,,,,,,
SPEAR-LEP,Vestaron Corporation,88847-6,Yes,Yes,Yes,,Insecticide,GS-omega/kappa-Hxtx-Hv1a,2.000%,,,,,,,,,,,,
Spear-RC,Vestaron Corporation,88847-6,Yes,Yes,Yes,Hemp on label,insecticide,GS-omega/kappa-Hxtx-Hv1a,2.000%,,,,,,,,,,,,
Sporan EC2,KeyPlex,25(b),Yes,Yes,Yes,,fungicide,Rosemary Oil,16.000%,Clove Oil,10.000%,Thyme oil,10.000%,Peppermint Oil,2.000%,,,,,,
SteraMist BIT 0.35%,"TOMI Environmental Solutions, Inc.",90150-3,Yes,Yes,Yes,Requires use of SteraMist branded application equipment and training by TOMI Environmental Solutions.,"Algaecide, Fungicide, Batericide",Hydrogen Peroxide,0.350%,,,,,,,,,,,,
SuffOil-X,"BioWorks, Inc.",48813-1-68539,Yes,Yes,Yes,,"Insecticide, Miticide, Fungicide",Mineral Oil,80.000%,,,,,,,,,,,,
Sugar Mover Premier,"Stoller Enterprises, Inc.",57538-76,Yes,No,Yes,Hemp on label. New EPA Reg. No.,"Plant 
Plant Growth Regulator",Cytokinin (Kinetin),0.003%,,,,,,,,,,,,
Sugar Mover Premier,"Stoller Enterprises, Inc.",57538-67,No,No,Yes,Hemp on label.,Plant Growth Regulator,Cytokinin (Kinetin),0.003%,,,,,,,,,,,,
Summit Year-Round Spray Oil,Summit Chemical Company,6218-71,Yes,Yes,Yes,,Insecticide,Mineral Oil,98.800%,,,,,,,,,,,,
Sumo,UPL NA Inc.,2375-2-70506,Yes,No,Yes,Hemp on label,"Fungicide, nematicide",Bacillus subtilis strain CH3000,31.000%,Bacillus paralicheniformis strain CH2970,20.000%,,,,,,,,,,
Sunergist EBR,Suntton International Inc,92983-2,Yes,Yes,Yes,in-furrow application only,Plant Growth Regulator,24-Epibrassinolide,0.010%,,,,,,,,,,,,
Suppress Herbicide EC,Westbridge Agricultural Products,51517-9,Yes,Yes,Yes,"Non-Selective herbicide, will damage crop tissue",Herbicide,Caprylic Acid,47.000%,Capric Acid,32.000%,,,,,,,,,,
Surround WP Agricultural Crop Protectant,"Tessenderio Kerley, Inc.",61842-18,Yes,Yes,Yes,,"insecticide, plant growth regulator",Kaolin,95.000%,,,,,,,,,,,,
Surround WP Crop Protectant,"Tessenderlo Kerley, Inc.",61842-18,Yes,Yes,Yes,,"Insecticide, PGR",Kaolin,95.000%,,,,,,,,,,,,
Sysstem-K Blue,Agro-K Corporation,48222-10,Yes,No,Yes,Use allowed prior to final transplant.,Fungicide,"Phosphorous Acid, Mono- and Di-Potassium Salts of",57.000%,,,,,,,,,,,,
Take Down Garden Spray (concentrate),"Lawn and Garden Products, Inc",67702-5-54705,No,Yes,No,Only for use in home gardens and home greenhouses.,Insecticide,Canola Oil,89.500%,Pyrethrins,0.500%,,,,,,,,,,
Tersus Insecticide,MGK,1021-2616,Yes,Yes,Yes,,Insecticide,Pyrethrins,5.000%,,,,,,,,,,,,
TetraCURB Max,"Kemin Industries, Inc.",25(b),Yes,Yes,Yes,,Insecticide,Castor Oil,20.000%,Rosemary Oil,10.000%,Clove Oil,3.000%,Peppermint Oil,2.000%,,,,,,
Theia Fungicide,"AgBiome Innovations, Inc",94713-2-92488,Yes,No,Yes,Hemp on label,Fungicide,Bacillus subtillis strain AFS032321,100.000%,,,,,,,,,,,,
Thresher Herbicide,Actylis,2749-663,Yes,Yes,Yes,,Herbicide,Ethalfluralin,35.400%,,,,,,,,,,,,
Thyme Guard,"Agro Bio USA, LLC",0-0-0,Yes,No,Yes,Outdoor use only. Commercial Use Only,"Bactericide, Fungicide, Insecticide",Thyme oil,23.000%,,,,,,,,,,,,
Thymic,Idai Nature USA Corp.,25(b),Yes,Yes,Yes,,"Insecticide, miticide, fungicide, bactericide",Thyme oil,10.000%,,,,,,,,,,,,
Thymic Next,"Oro Agri, Inc.",0-0-0,Yes,Yes,Yes,,Insecticide,Thyme oil,10.000%,,,,,,,,,,,,
Tidal Grow Fortyra,Tidal Grow AgriScience,0-0-0,Yes,Yes,Yes,Hemp on label,"Fungicide, Bactericide, Nematicide",Chitosan,5.750%,,,,,,,,,,,,
Tidal Grow Spectra,Tidal Vision Products,0-0-0,Yes,Yes,Yes,Hemp on label,"Fungicide, Batericide, Nematicide",Chitosan,5.750%,,,,,,,,,,,,
TotalNema Ax,"Bioworks, Inc.",0-0-0,Yes,Yes,Yes,,Nematicide,Eugenol,1.500%,Castor Oil,1.000%,Clove Oil,0.750%,,,,,,,,
Triact 70,"OHP, Inc.",70051-2-59807,Yes,Yes,Yes,Greenhouse only applied to transplants.,"Fungicide, Insecticide, Miticide",Clarified Hydrophobic Extract of Neem Oil,70.000%,,,,,,,,,,,,
Trianum P Biological Fungicide,"Koppert Biological Systems, Inc",89635-3,Yes,Yes,Yes,,Fungicide,Trichoderma harzianum Rifai Strain KRL-AG2,3.650%,,,,,,,,,,,,
Triathlon BA,"OHP, Inc.",70051-107-59807,Yes,Yes,Yes,Hemp added to label,Fungicide,"Bacillus amyloliquefaciens Strain D747
D747",98.850%,,,,,,,,,,,,
Trico Home and Garden,Kwizda Agro GmgH,71637-2,No,Yes,Yes,,Animal repellent,Sheep fat,6.400%,,,,,,,,,,,,
Trifecta Crop Control Super Concentrate,Trifecta LLC,25(b),Yes,Yes,Yes,,"Fungicide, Insecticide",Thyme oil,14.000%,Clove Oil,10.000%,Garlic Oil,9.000%,Peppermint Oil,4.000%,Corn Oil,3.000%,Geraniol,3.000%,Citric Acid,2.000%
Trifecta Ready To Use Crop Control,Trifecta LLC,25(b),Yes,Yes,Yes,,Herbicide,Thyme oil,0.220%,Clove Oil,0.216%,Garlic Oil,0.140%,Peppermint Oil,0.060%,Corn Oil,0.050%,Geraniol,0.050%,Citric Acid,0.030%
Trilogy,"Certis USA, LLC",70051-2,Yes,Yes,Yes,,"Fungicide, Insecticide",Clarified Hydrophobic Extract of Neem Oil,70.000%,,,,,,,,,,,,
TriTek,"Brandt Consolidated, Inc.",48813-1,Yes,Yes,Yes,,"Fungicide, Insecticide",Mineral Oil,80.000%,,,,,,,,,,,,
TriVita,"CH Biotech R&D Co., LTD",90866-23,Yes,Yes,Yes,,Plant Growth Regulator,Cytokinin (Kinetin),0.120%,Gamma Aminobutyric Acid (GABA),1.000%,Choline Chloride,2.000%,,,,,,,,
True Choke-Out Herbicide,"True Organic Products, Inc.",104355-1,Yes,Yes,Yes,,Herbicide,Caprylic Acid,45.500%,Capric Acid,28.500%,,,,,,,,,,
TS601,"NewLeaf Symbiotics, Inc.",95699-1,Yes,Yes,Yes,Hemp on label,Fungicide,Methylorubrum populi strain NLS0089,2.000%,,,,,,,,,,,,
Typhoon,"ORO Agri, Inc.",25(B),No,Yes,Yes,,fungicide,Potassium Sorbate,45.000%,,,,,,,,,,,,
Vacciplant,UPL NA Inc.,70506-608,Yes,Yes,Yes,,Fungicide,Laminarin,3.510%,,,,,,,,,,,,
VaRx Brand MavRx,"Innvictis Crop Care, LLC",89168-77-89391,Yes,Yes,Yes,hydroponics applications only,Plant Growth Regulator,IBA (Indole-3-Butyric Acid),0.850%,Cytokinin (Kinetin),0.150%,,,,,,,,,,
Venerate CG,"Pro Farm Group, Inc.",84059-14,Yes,Yes,Yes,,Insecticide,Burkholderia sp strain A396,94.460%,,,,,,,,,,,,
Verbon,MGK,1021-2867,Yes,Yes,No,,"Insecticide, Fungicide",Potassium Salts of Fatty Acids,42.000%,,,,,,,,,,,,
Vinegar Weed & Grass Killer,"Energen Carolina, LLC",85208-1-92429,Yes,Yes,Yes,Do not allow this product to come in contact with desirable plants.  Contact herbicide,herbicide,Acetic Acid,20.000%,,,,,,,,,,,,
WarHammer,BlackSmith BioScience,0-0-0,Yes,Yes,Yes,,"Fungicide, Bactericide, Nematicide",Chitosan,10.000%,,,,,,,,,,,,
Weed Warrior Concentrate Grass and Weed Killer,This Land Inc. (dba Sunday),67702-34-93737,Yes,Yes,Yes,"burn-down herbicide, will damage all contacted plant material",herbicide,Ammonium Salts of Higher Fatty Acids,22.000%,,,,,,,,,,,,
X-CYTE,"Stoller Enterprises, Inc.",57538-74,Yes,No,Yes,Hemp on label,Plant Growth Regulator,Cytokinin (Kinetin),0.040%,,,,,,,,,,,,
XenTari Biological Insecticide Dry Flowable,Valent BioSciences LLC,73049-40,Yes,Yes,Yes,,Insecticide,Bacillus thuringiensis SSP. Aizawai,54.000%,,,,,,,,,,,,
Yeti Control,"Organitek, Inc.",0-0-0,Yes,Yes,Yes,,"Fngicide, Miticide, Insecticide",Corn Oil,55.000%,Thyme oil,15.000%,,,,,,,,,,
Zealous,"Gropro, Inc.",25(b),Yes,Yes,Yes,,Fungicide,Geraniol,16.700%,,,,,,,,,,,,
ZeroTol 2.0,"BioSafe Systems, LLC",70299-12,Yes,Yes,Yes,,"Antimicrobial, Fungicide",Hydrogen Peroxide,27.100%,Peroxyacetic Acid,2.000%,,,,,,,,,,
ZeroTol HC,"BioSafe Systems, LLC",70299-16,Yes,Yes,Yes,,"Fungicide, Algaecide",Hydrogen Peroxide,5.340%,Peroxyacetic Acid,1.360%,,,,,,,,,,
Zonix Biofungicide,Jeneil Biosurfactant Company,72431-1,Yes,Yes,Yes,Use allowed prior to final transplant in greenhouses and nurseries.,Fungicide,Rhamnolipid Biosurfactant,8.500%,,,,,,,,,,,,